{
	"name": "Annihilator Factory",
	"description": "Makes Annihilator boss units.",
	"type": "UnitFactory",
	"unitType": "annihilator",
	"size": 5,
	"produceTime": 7200,
	"maxSpawn": 1,
	"consumes": {
		"power": 15.0,
		"items": {
			"items": [
				{"item": "silicon", "amount": 300},
				{"item": "graphite", "amount": 220},
				{"item": "spore-pod", "amount": 200},
				{"item": "thorium", "amount": 150},
				{"item": "infiar", "amount": 150}
			]
		}
	},
	"category": "units",
	"research": "eradicator-factory",
	"requirements": [
		{ "item": "thorium", "amount": 300 },
		{ "item": "titanium", "amount": 400 },
		{ "item": "silicon", "amount": 300 },
		{ "item": "surge-alloy", "amount": 300},
		{ "item": "infiar", "amount": 300}
	]
}
