{
	"name": "Armored item bridge",
	"description": "A wall that distributes to other instances of itself. It's superior to any armored distribution block variant, as well as its own unarmored variant.",
	"type": "BufferedItemBridge",
	"health": 450,
	"size": 1,
	"range": 6,
	"speed": 70,
	"bufferCapacity": 20,
	"requirements": [
		{ "item": "matrix", "amount": 6 },
		{ "item": "titanium", "amount": 12},
		{ "item": "graphite", "amount": 12},
		{ "item": "metaglass", "amount": 15},
		{ "item": "vector", "amount": 6}
	],
	"category": "distribution",
	"research": "bridge-conveyor"
}
