{
	"type": "ItemTurret",
	"name": "Blast",
	"description": "A tower which uses shockwaves as a weapon. Damages all enemies in a radius.",
	"health": 1650,
	"size": 2,
	"reload": 350,
	"targetGround": true,
	"targetAir": false,
	"range": 160,
	"shootSound": "explosion",
	"ammoUseEffect": "explosion",
	"inaccuracy": 0,
	"rotatespeed": 1000000000000000,
	"ammo": {
		"blast-compound": {
			"speed": 1,
			"splashDamage": 80,
			"splashDamageRadius": 160,
			"damage": 1,
			"lifetime": 1,
			"bulletWidth": 1,
			"bulletHeight": 1,
			"knockback": 1.0
		},
		"matrix": {
			"speed": 1,
			"lifetime": 1,
			"bulletWidth": 1,
			"bulletHeight": 1,
			"splashDamage": 45,
			"splashDamageRadius": 160,
			"reloadMultiplier": 1.6,
			"knockback": 1.0
		},
		"phase-fabric": {
			"speed": 1,
			"lifetime": 1,
			"bulletWidth": 1,
			"bulletHeight": 1,
			"splashDamage": 60,
			"splashDamageRadius": 320,
			"knockback": 2.5
		},
		"surge-alloy": {
			"speed": 1,
			"lifetime": 1,
			"bulletWidth": 1,
			"bulletHeight": 1,
			"splashDamage": 75,
			"splashDamageRadius": 160,
           		"lightining" : 10,
          		"lightningLength" : 150,
			"knockback": 1.0
		},
	    },
	"requirements": [
		{ "item": "blast-fabric", "amount": 90 },
		{ "item": "matrix", "amount": 110 },
		{ "item": "stone", "amount": 100 },
	],
	"category": "turret",
	"research": "ripple"
}
