{
	"type": "SingleTypeGenerator",
	"name": "Infiar matter shifter",
	"description": "Uses a constant flow of infiar for energy. Nobody yet knows where does it go.",
	"itemCapacity": 25,
	"size": 3,
	"hasLiquids": false,
	"hasItems": true,
    "powerProduction": 100,
    "itemDuration" : 15,
	"updateEffect": "none",
	"consumes": {
		"items": {
		"items": [
            {"item": "infiar" , "amount": 1.0}
        ],
        "optional": false
	}
    },
	"requirements": [
		{ "item": "tensor", "amount": 75 },
		{ "item": "infiar", "amount": 135 },
		{ "item": "matrix", "amount": 225 },
		{ "item": "thorium", "amount": 95 },
		{ "item": "surge-alloy", "amount": 80 },
		{ "item": "phase-fabric", "amount": 80 },
		{ "item": "blast-fabric", "amount": 80 }
	],
	"category": "power",
	"research": "tensor-drill",
	"idleSound": "respawning",
	"idleSoundVolume": 0.5
}
