{
	"type": "Fracker",
	"name": "Dark matter harverster",
	"description": "An expensive way to get dark matter. Building it is not advised, unless there is no other way to obtain dark matter",
	"health": 600,
	"result": "dark-matter",
	"hasShadow": false,
	"consumes":
	{
		"power": 20,
		"items": {
		"items": [
            {"item": "coal", "amount": 1.0}
        ]
	}
	},
	"size": 3,
	"pumpAmount": 0.05,
	"requirements": [
		{"item": "tau-plate", "amount": 325},
		{"item": "matrix", "amount": 400},
		{"item": "metaglass", "amount": 235},
		{"item": "phase-fabric", "amount": 350},
		{"item": "tensor", "amount": 335},
		{"item": "silicon", "amount": 250},
		{"item": "toughitinum", "amount": 350}
	],
	"category": "production",
	"research": "free-water",
	"liquidCapacity": 10
}
