{
	"type": "ItemTurret",
	"name": "Erradication cannon",
	"description": "Powerful single-shot cannon what erradicates most Divinity's advesaries. It's designer, TrinityXyz, was executed by drones with it.",
	"health": 2350,
	"size": 4,
	"reload": 135,
	"targetGround": true,
	"targetAir": true,
	"range": 250,
	"ammoUseEffect": "shellEjectBig",
	"inaccuracy": 0,
	"rotatespeed": 10,
	"shootSound": "corexplode",
	"BlockGroup": "turrets",
	"ammo": {
		"infiar": {
			"speed": 20,
			"lifetime": 15,
			"damage": 1400,
			"bulletWidth": 10,
			"bulletHeight": 100,
			"shootEffect": "shootBig",
			"smokeEffect": "shootBigSmoke"
		},
		"blast-compound": {
			"speed": 20,
			"lifetime": 15,
			"damage": 2000,
			"bulletWidth": 10,
			"bulletHeight": 100,
			"shootEffect": "explosion",
			"smokeEffect": "shootBigSmoke",
			"reloadMultiplier": 0.75
		},
		"phase-fabric": {
			"speed": 20,
			"damage": 1000,
			"lifetime": 15,
			"bulletWidth": 10,
			"bulletHeight": 100,
			"shootEffect": "shootBig",
			"smokeEffect": "smeltsmoke",
			"reloadMultiplier": 1.8
		},
		"surge-alloy": {
			"speed": 20,
			"damage": 1000,
			"lifetime": 15,
			"bulletWidth": 10,
			"bulletHeight": 100,
			"shootEffect": "shootBig",
			"smokeEffect": "shootBigSmoke",
            "lightining" : 15,
            "lightningLength" : 65
		},
	    },
	"requirements": [
		{ "item": "lead", "amount": 500 },
		{ "item": "silicon", "amount": 500 },
		{ "item": "copper", "amount": 500 },
        { "item": "scalar", "amount": 500 },
        { "item": "matrix", "amount": 500 },
        { "item": "graphite", "amount": 500 }
	],
	"category": "turret",
	"buildVisibility": "sandboxOnly",
	"alwaysUnlocked": false
}