{
	"name": "Large mending wall",
	"description": "Wall block what can repair blocks next to it, making it useful in conjuction with other walls. Spans multiple tiles.",
	"type": "MendProjector",
	"health": 2680,
	"size": 2,
	"range": 15,
	"reload": 150,
	"consumes": {"power": 3},
	"buildCostMultiplier": 5,
	"healPercent": 5,
	"phaseRangeBoost": 0,
	"phaseBoost": 0,
	"BlockGroup": "walls",
	"requirements": [
		{ "item": "silicon", "amount": 24 },
		{ "item": "surge-alloy", "amount": 12 },
		{ "item": "toughitinum", "amount": 12 }
	],
	"category": "defense",
	"research": "mender-wall"
}
