{
  "name": "Omega drive projector",
  "description": "HEAVILY overdrives nearby buildings.",
  "type": "OverdriveProjector",
  "consumes": {
		"power": 40.0,
        "items": {
    "items": [
        {"item": "infiar", "amount": 1},
    ],
    "booster": true,
    "optional": true
  }
  },
  "category": "effect",
	"research": "overdrive-projector",
  "range": 100,
  "size": 3,
  "speedBoost": 10,
  "speedBoostPhase": 5,
  "useTime": 60,
  "phaseRangeBoost": 50,
  "requirements": [
		{ "item": "thorium", "amount": 200 },
		{ "item": "titanium", "amount": 350 },
		{ "item": "plastanium", "amount": 250 },
		{ "item": "surge-alloy", "amount": 400},
		{ "item": "infiar", "amount": 350 },
		{ "item": "toughitinum", "amount": 200 },
		{ "item": "silicon", "amount": 400 },
		{ "item": "matrix", "amount": 175},
		{ "item": "stone", "amount": 250}
	]
}
