{
	"name": "Derelict artifact",
	"description": "An artifact recovered from ancient derelict ruins.\nWe decided that you'll be the one to try it out.\nLuckily, all it costs to deliver it to you is 1 copper.",
	"type": "UnitFactory",
	"unitType": "omegaradicator",
	"size": 1,
	"produceTime": 1,
  "buildVisibility": "sandboxOnly",
	"maxSpawn": 1,
	"consumes": {
		"power": 0.1
  },
	"category": "effect",
	"research": "eradicator-factory",
	"requirements": [
		{ "item": "copper", "amount": 1 }
	]
}
