{
  "name": "Ultimate Mend Projector",
  "description": "Tired of having your blocks destroyed? Try this block! For only [red]a lot[] of power, heal your buildings fully in less than a frame! [scarlet]We are not guilty if you cause the game to crash by using our products",
  "type": "MendProjector",
  "consumes": {
		"power": 1000.0,
  },
  "category": "effect",
  "buildVisibility": "sandboxOnly",
  "range": 150,
  "size": 1,
  "reload": 0.1,
  "healPercent": 500,
  "phaseBoost": 500,
  "phaseRangeBoost": 250,
  "requirements": [
		{ "item": "test", "amount": 13 }
	]
}
