{
    "type": "MechPad",
    "mech": "playable-mech-router",
    "name": "Router mech pad",
    "description": "Upgrades to a mysterious creature using routers as it's vessel.",
    "size": 3,
    "consumes":
    {"power": 1.5},
    "requirements": [
        { "item": "vector", "amount": 350 },
        { "item": "plastanium", "amount": 200 },
        { "item": "silicon", "amount": 400 },
        { "item": "stone", "amount": 350 },
        { "item": "copper", "amount": 250 }
    ],
    "category": "upgrade",
    "research": "delta-mech-pad"
}
