{
	"name": "SCL1-R",
	"description": "A drill what capable of mining thorium and scalar. Doesn't need power, but needs visionary glass instead.",
	"type": "Drill",
	"size": 2,
	"tier": 4,
	"hasItems": true,
	"drillTime": 225,
	"itemUseTime": 300,
	"BlockGroup": "drills",
	"consumes": {
		"items": {
	"items": [
		{"item": "visionary-glass", "amount": 1},
	]
	}
	},
	"requirements": [
		{ "item": "metaglass", "amount": 35 },
		{ "item": "visionary-glass", "amount": 45},
		{ "item": "copper", "amount": 70 },
		{ "item": "silicon", "amount": 30 },
		{ "item": "titanium", "amount": 5}
	],
	"category": "production",
	"research": "optic-klin"
}
