{
	"type": "GenericCrafter",
	"name": "Snowball freezer",
	"description": "Freezes the round objects called snowballs into colder round objects called the same way, but with a 2.0.",
	"itemCapacity": 10,
	"outputItem": {"item": "snowball-but-colder", "amount": 1.0},
	"size": 1,
	"hasPower": true,
	"hasitems": true,
	"craftTime": 30,
	"updateEffect": "smeltsmoke",
	"consumes": {
		"power": 0.5,
		"items": {
		"items": [
			{"item": "snowball", "amount": 1.0}
		]
	},
	"liquid": {
			"liquid": "cryofluid", 
			"amount": 0.5
    }
    },
	"requirements": [
		{ "item": "titanium", "amount": 50 },
		{ "item": "copper", "amount": 80 },
		{ "item": "graphite", "amount": 15 },
		{ "item": "vector", "amount": 45 },
		{ "item": "silicon", "amount": 50}
	],
	"category": "crafting",
	"research": "snowball-machine",
	"idleSound": "respawning",
	"idleSoundVolume": 0.5
}
