{
	"type": "GenericCrafter",
	"name": "Data infuser",
	"description": "Using Matrix as fuel, it fuses Infiar with silicon in order to create Surge alloy.",
	"itemCapacity": 12,
	"outputItem": {"item": "surge-alloy", "amount": 2.0},
	"size": 4,
	"hasPower": true,
	"hasLiquids": false,
	"hasItems": true,
	"craftTime": 131,
	"updateEffect": "smeltsmoke",
	"flameColor": "ffef99",
	"consumes": {
		"power": 2.3,
		"items": {
		"items": [
            {"item": "matrix", "amount": 2.0},
            {"item": "silicon", "amount": 4.0},
            {"item": "infiar", "amount": 7.0}
        ]
	}
    },
	"requirements": [
		{ "item": "titanium", "amount": 165 },
		{ "item": "silicon", "amount": 85 },
		{ "item": "infiar", "amount": 135 },
		{ "item": "surge-alloy", "amount": 130 },
		{ "item": "matrix", "amount": 45 }
	],
	"category": "crafting",
	"research": "alloy-smelter",
	"idleSound": "respawning",
	"idleSoundVolume": 0.5
}
